{
  "config": {
    "seed": 0,
    "device": "cpu",
    "dataset": "equations",
    "character_level": false,
    "num_epochs": 50,
    "embedding_size": 64,
    "unk_threshold": 2,
    "minibatch_size": 32,
    "rnn_hidden_size": 150,
    "learning_rate": 0.33126173343219845,
    "num_layers": 4,
    "truncate_length": 256,
    "info": "lsch0lz",
    "random_params": [
      "num_layers",
      "learning_rate"
    ]
  },
  "stats": {
    "train_loss": [
      0.11109670263528824,
      0.09224903923273087,
      0.08242040300369263,
      0.07305322635173797,
      0.06703358215093613,
      0.06559381148219108,
      0.06464897876977921,
      0.06433697652816772,
      0.06406570839881896,
      0.06384068977832794,
      0.06365833798050881,
      0.06348403570055962,
      0.06340403985977174,
      0.06343593603372574,
      0.0633304354250431,
      0.0632664265036583,
      0.06325819501280784,
      0.06324820762872696,
      0.06312083977460861,
      0.06319128319621087,
      0.0632337811589241,
      0.06317025178670883,
      0.06307785493135452,
      0.06313905993103981,
      0.06306129735708237,
      0.06311869966983795,
      0.06308635914325714,
      0.06305683821439743,
      0.06300809353590012,
      0.06305325698852539,
      0.06290774381160737,
      0.06254742509126664,
      0.061193399727344513,
      0.06024537292122841,
      0.060112396985292436,
      0.06003323483467102,
      0.05999289631843567,
      0.059880090296268465,
      0.059704550713300705,
      0.05940550935268402,
      0.05910657757520676,
      0.05897930863499641,
      0.0586774680018425,
      0.05839225494861603,
      0.05804229381680488,
      0.0577558334171772,
      0.05744637995958328,
      0.05715580451488495,
      0.056910605669021605,
      0.056739211678504944
    ],
    "validation_loss": [
      3.1763511605262758,
      2.8424529185295104,
      2.498117978334427,
      2.254266931295395,
      2.1834522154331206,
      2.168082686662674,
      2.134684761285782,
      2.132371358394623,
      2.105615217924118,
      2.1011825234889985,
      2.098146391868591,
      2.1029226520061495,
      2.0917585334777833,
      2.1029142742156983,
      2.0934199965000153,
      2.10437523150444,
      2.084516040325165,
      2.0909971783161163,
      2.095570004463196,
      2.0845620760917662,
      2.1096779050827026,
      2.0961021134853364,
      2.0938463673591614,
      2.082447298526764,
      2.0982389376163484,
      2.086121041059494,
      2.107313493013382,
      2.0879561133384703,
      2.0886046676635743,
      2.0822857913970947,
      2.0747129418849943,
      2.0615608196258544,
      1.9990641787052155,
      1.994524840593338,
      1.9953859536647796,
      1.9879671099185943,
      1.9879989912509919,
      1.9777897486686706,
      1.9637512757778168,
      1.9711486415863038,
      1.9432701494693756,
      1.9368376693725586,
      1.9245501737594604,
      1.9177543091773988,
      1.908355541229248,
      1.9048973202705384,
      1.8891321344375611,
      1.8761372616291045,
      1.8699111940860749,
      1.884168975353241
    ],
    "validation_perplexity": [
      23.959170693557848,
      17.15780064885446,
      12.159587804830675,
      9.528305846490243,
      8.876898388642328,
      8.741507753776068,
      8.454380938561886,
      8.434845155037387,
      8.212153719956863,
      8.175832312185708,
      8.151047053872178,
      8.190071696730016,
      8.09914526667509,
      8.190003082312979,
      8.112612881921653,
      8.201977071624613,
      8.040699165757974,
      8.092981287407683,
      8.130073828080478,
      8.041069334028506,
      8.245584995843762,
      8.13440106489384,
      8.116072601155356,
      8.024082229307185,
      8.15180143352356,
      8.053614855897017,
      8.226112065248904,
      8.068407389797933,
      8.073641887551886,
      8.022786387464764,
      7.962260499458687,
      7.8582255159671375,
      7.382144497401269,
      7.348710389308156,
      7.355041185257001,
      7.300677192287306,
      7.3009099513139155,
      7.226752380972471,
      7.1260086124472775,
      7.17891775778935,
      6.981544375038586,
      6.936779857585821,
      6.852065733590366,
      6.805657892068074,
      6.7419927484258695,
      6.718717716098171,
      6.6136264510219736,
      6.528239216201414,
      6.487720225779341,
      6.580883292786256
    ],
    "epoch_duration": [
      6.510188102722168,
      5.406623125076294,
      5.627046823501587,
      5.3252339363098145,
      5.589407920837402,
      5.45938515663147,
      5.942044019699097,
      6.622327089309692,
      5.853804111480713,
      6.695089817047119,
      6.262501239776611,
      6.570932149887085,
      5.912618160247803,
      5.863501071929932,
      5.872239828109741,
      5.2605791091918945,
      6.299393892288208,
      5.6326258182525635,
      5.4347052574157715,
      5.6780290603637695,
      5.7901880741119385,
      5.657293081283569,
      5.994961261749268,
      6.774245262145996,
      6.426138162612915,
      6.103816986083984,
      6.210015058517456,
      6.313506126403809,
      6.569854974746704,
      6.380508899688721,
      6.238026142120361,
      6.317362070083618,
      5.3587868213653564,
      5.339198112487793,
      5.439714670181274,
      5.46936821937561,
      5.26622200012207,
      5.438023090362549,
      5.896985054016113,
      5.526896953582764,
      5.631746053695679,
      5.3189733028411865,
      5.777791976928711,
      5.54485297203064,
      5.282034873962402,
      5.263610124588013,
      5.045910120010376,
      5.5729358196258545,
      5.25766396522522,
      5.2029430866241455
    ],
    "best_epoch": 48,
    "best_validation_perplexity": 6.487720225779341,
    "test_perplexity": 6.66580607074627,
    "test_loss": 1.8969908871650696
  }
}