{
  "config": {
    "seed": 0,
    "device": "cpu",
    "dataset": "sanity_check",
    "character_level": true,
    "num_epochs": 70,
    "embedding_size": 64,
    "unk_threshold": 2,
    "minibatch_size": 32,
    "rnn_hidden_size": 150,
    "learning_rate": 0.33126173343219845,
    "num_layers": 4,
    "truncate_length": 256,
    "info": "lsch0lz",
    "random_params": [
      "num_layers",
      "learning_rate"
    ]
  },
  "stats": {
    "train_loss": [
      0.08611305505037307,
      0.08202880248427391,
      0.07977707460522651,
      0.07868066504597664,
      0.07804055511951447,
      0.07755740731954575,
      0.07712836936116219,
      0.07671127617359161,
      0.07628078162670135,
      0.07581196203827859,
      0.07527055069804192,
      0.07460111975669861,
      0.07370569705963134,
      0.07240595892071724,
      0.0704780399799347,
      0.06825126111507415,
      0.06652087271213532,
      0.06496266946196556,
      0.06283533945679665,
      0.06377836801111698,
      0.06257206946611404,
      0.06349333859980107,
      0.05944176502525807,
      0.058877889066934586,
      0.0587159626185894,
      0.05898143947124481,
      0.057481901720166206,
      0.0547108918428421,
      0.054716020822525024,
      0.05415086150169372,
      0.05299929939210415,
      0.053694377467036244,
      0.051831983774900434,
      0.046877984702587125,
      0.059539223089814186,
      0.05089312419295311,
      0.05132799632847309,
      0.04836667403578758,
      0.050270773097872735,
      0.04716935493052006,
      0.048557476699352266,
      0.0461696982383728,
      0.0467418659478426,
      0.04433922544121742,
      0.0466432049870491,
      0.04379865191876888,
      0.045354707166552544,
      0.04359552636742592,
      0.04463391862809658,
      0.042736131325364114,
      0.04237610958516598,
      0.043514858931303024,
      0.041784190014004706,
      0.04103444889187813,
      0.03950540088117123,
      0.03841933757066727,
      0.037268278934061524,
      0.03650054521858692,
      0.03782911691814661,
      0.0366985984146595,
      0.03631584718823433,
      0.032848806120455265,
      0.032142382487654685,
      0.03217538818717003,
      0.02785107810050249,
      0.02659221235662699,
      0.025216400064527987,
      0.02406749576330185,
      0.022751220874488352,
      0.021620006300508976
    ],
    "validation_loss": [
      2.6729466915130615,
      2.5770041942596436,
      2.52986741065979,
      2.5052595138549805,
      2.488351345062256,
      2.474147081375122,
      2.460780143737793,
      2.4473187923431396,
      2.433016061782837,
      2.4169602394104004,
      2.397761583328247,
      2.3730547428131104,
      2.338521957397461,
      2.2866764068603516,
      2.2147107124328613,
      2.1507954597473145,
      2.1024396419525146,
      2.046257257461548,
      1.9642263650894165,
      2.4232473373413086,
      1.8732550144195557,
      2.066969394683838,
      2.054608106613159,
      1.9759289026260376,
      1.6696958541870117,
      1.7852168083190918,
      1.6383557319641113,
      1.926143765449524,
      1.5918067693710327,
      1.5144386291503906,
      1.5118104219436646,
      1.5155041217803955,
      1.5005145072937012,
      1.7154017686843872,
      2.1382901668548584,
      2.165620803833008,
      1.484744906425476,
      1.3491699695587158,
      1.351415991783142,
      1.7147815227508545,
      1.3125473260879517,
      1.2503883838653564,
      1.342326045036316,
      1.2846256494522095,
      1.2523292303085327,
      1.2141371965408325,
      1.3857530355453491,
      1.1716341972351074,
      1.3567787408828735,
      1.363030195236206,
      1.2819050550460815,
      1.1270462274551392,
      1.0821913480758667,
      1.12348210811615,
      1.044843316078186,
      1.407617211341858,
      1.0135533809661865,
      0.9874413013458252,
      1.3976210355758667,
      1.3830783367156982,
      0.8923317193984985,
      0.8940417766571045,
      0.8989917635917664,
      0.8817282915115356,
      0.9645804762840271,
      0.8587539196014404,
      0.8469222187995911,
      0.7783607244491577,
      0.7982847690582275,
      0.6929511427879333
    ],
    "validation_perplexity": [
      14.482582080155,
      13.157661259490384,
      12.551841785912272,
      12.246736751308772,
      12.041407620663705,
      11.87157730437265,
      11.713946538248349,
      11.5573175716522,
      11.393192885884497,
      11.2117264990172,
      10.998529514125071,
      10.730120028280828,
      10.365903986716678,
      9.842171886288776,
      9.158759213165162,
      8.59169002325079,
      8.186116764973294,
      7.738882191440286,
      7.129394907305972,
      11.282437772922583,
      6.509450307084853,
      7.900842463083126,
      7.8037790239119165,
      7.213317011856915,
      5.310552369263035,
      5.960872174171191,
      5.146699996771098,
      6.8629938337553,
      4.91261688045331,
      4.546867931154305,
      4.534933510025147,
      4.551715167313178,
      4.483995525345937,
      5.558908459105589,
      8.484917425812954,
      8.720013654764374,
      4.413839327104749,
      3.854225078501629,
      3.8628914825106673,
      5.555461637787902,
      3.7156265798504298,
      3.4916988136303666,
      3.8279371120103685,
      3.613315057532751,
      3.4984822455239084,
      3.367387417057472,
      3.9978352836628526,
      3.227262314662237,
      3.8836628463568292,
      3.908017433844444,
      3.6034980528987512,
      3.0865261261087378,
      2.9511394442860475,
      3.075544959371174,
      2.842953043720486,
      4.0862072265258,
      2.7553745356417094,
      2.6843572164915277,
      4.045564256441349,
      3.9871565658518255,
      2.4408143152807105,
      2.444991818384197,
      2.4571244994737143,
      2.4150700466587303,
      2.6236867267525024,
      2.36021783938405,
      2.332457000899329,
      2.17789916080026,
      2.2217268837485973,
      1.999607962884273
    ],
    "epoch_duration": [
      1.4117600917816162,
      1.2327213287353516,
      1.2574310302734375,
      1.323044776916504,
      1.2286491394042969,
      1.2058990001678467,
      1.2148830890655518,
      1.2054448127746582,
      1.2226548194885254,
      1.2221031188964844,
      1.2046678066253662,
      1.391120195388794,
      1.2829601764678955,
      1.2216389179229736,
      1.2022109031677246,
      1.2181000709533691,
      1.2127809524536133,
      1.2997679710388184,
      1.2379112243652344,
      1.203415870666504,
      1.3103418350219727,
      1.1930181980133057,
      1.198110818862915,
      1.2549760341644287,
      1.313445806503296,
      1.1788411140441895,
      1.3791108131408691,
      1.4122810363769531,
      1.2460370063781738,
      1.4925439357757568,
      1.2725839614868164,
      1.1900832653045654,
      1.2786531448364258,
      1.2150037288665771,
      1.197464942932129,
      1.3199949264526367,
      1.506849765777588,
      1.3349270820617676,
      1.2103629112243652,
      1.2007169723510742,
      1.2431550025939941,
      1.3024492263793945,
      1.2467992305755615,
      1.425351858139038,
      1.3373241424560547,
      1.3103392124176025,
      1.2846770286560059,
      1.205981969833374,
      1.2486679553985596,
      1.151710033416748,
      1.1764397621154785,
      1.3469948768615723,
      1.2185227870941162,
      1.2019000053405762,
      1.2331371307373047,
      1.1834182739257812,
      1.22160005569458,
      1.3169410228729248,
      1.1962428092956543,
      1.1949660778045654,
      1.2838311195373535,
      1.1881310939788818,
      1.1932299137115479,
      1.2212097644805908,
      1.2556350231170654,
      1.2758557796478271,
      1.2976369857788086,
      1.3150150775909424,
      1.3438339233398438,
      1.5320587158203125
    ],
    "best_epoch": 69,
    "best_validation_perplexity": 1.999607962884273,
    "test_perplexity": 1.999607962884273,
    "test_loss": 0.6929511427879333
  }
}