{
  "config": {
    "seed": 0,
    "device": "cpu",
    "dataset": "sanity_check",
    "character_level": false,
    "num_epochs": 70,
    "embedding_size": 64,
    "unk_threshold": 2,
    "minibatch_size": 32,
    "rnn_hidden_size": 150,
    "learning_rate": 0.33126173343219845,
    "num_layers": 4,
    "truncate_length": 256,
    "info": "lsch0lz",
    "random_params": [
      "num_layers",
      "learning_rate"
    ]
  },
  "stats": {
    "train_loss": [
      0.06960743889212609,
      0.06618128642439843,
      0.06371804028749466,
      0.06150321997702122,
      0.05928155817091465,
      0.056949342042207717,
      0.05441313348710537,
      0.051574718579649924,
      0.048347273468971254,
      0.044676752761006355,
      0.04059482663869858,
      0.03626263625919819,
      0.031937599554657935,
      0.027860379964113235,
      0.024152888730168343,
      0.03216987438499928,
      0.025862387381494045,
      0.023637055605649947,
      0.02212796974927187,
      0.0206118144094944,
      0.019069932959973813,
      0.01746175196021795,
      0.01581486137583852,
      0.013944256771355867,
      0.011106353159993887,
      0.006496921041980385,
      0.00547743197530508,
      0.0047797627281397585,
      0.004212542809545994,
      0.0037414419697597624,
      0.0033445906592532992,
      0.003006738144904375,
      0.0027166658313944937,
      0.002465835097245872,
      0.0022475995821878312,
      0.0020566790830343963,
      0.0018888201215304435,
      0.0017405639169737696,
      0.0016090681776404381,
      0.0014919739332981408,
      0.0013873160001821815,
      0.001293444272596389,
      0.0012089658412151039,
      0.0011326986132189631,
      0.0010636368417181075,
      0.0010009174642618746,
      0.0009438019536901265,
      0.0008916518243495374,
      0.0008439153549261391,
      0.0008001139853149652,
      0.000759829068556428,
      0.0007226971792988479,
      0.0006883982918225229,
      0.0006566516531165689,
      0.0006272098806221038,
      0.0005998548469506205,
      0.000574392476119101,
      0.0005506511544808746,
      0.0005284779821522534,
      0.0005077360547147691,
      0.0004883029847405851,
      0.0004700696445070207,
      0.00045293821312952787,
      0.0004368198162410408,
      0.000421634380472824,
      0.00040731018234509977,
      0.00039378154033329336,
      0.0003809902060311288,
      0.0003688809956656769,
      0.0003574064001441002
    ],
    "validation_loss": [
      2.159057140350342,
      2.0720603466033936,
      1.999662160873413,
      1.9293746948242188,
      1.8567888736724854,
      1.7790977954864502,
      1.6931179761886597,
      1.5958483219146729,
      1.4848893880844116,
      1.359679937362671,
      1.223448634147644,
      1.0834850072860718,
      0.9484556913375854,
      0.8241864442825317,
      0.7152222394943237,
      0.7240017652511597,
      0.7604038119316101,
      0.7412487268447876,
      0.6906108260154724,
      0.6438559293746948,
      0.5933393836021423,
      0.540648877620697,
      0.4820866584777832,
      0.41021376848220825,
      0.24616073071956635,
      0.18685922026634216,
      0.1621958166360855,
      0.14239341020584106,
      0.12607194483280182,
      0.11239707469940186,
      0.10080362856388092,
      0.09088404476642609,
      0.08233164250850677,
      0.07490956038236618,
      0.06843145936727524,
      0.06274790316820145,
      0.05773782730102539,
      0.05330223962664604,
      0.04935908690094948,
      0.04584040120244026,
      0.04268914461135864,
      0.039857279509305954,
      0.03730422258377075,
      0.03499535843729973,
      0.03290122002363205,
      0.030996428802609444,
      0.029259243980050087,
      0.027670830488204956,
      0.02621486410498619,
      0.024877121672034264,
      0.023645315319299698,
      0.022508466616272926,
      0.021457230672240257,
      0.020483119413256645,
      0.019578842446208,
      0.018737727776169777,
      0.01795412227511406,
      0.017222663387656212,
      0.016539016738533974,
      0.01589895784854889,
      0.015298740938305855,
      0.01473518367856741,
      0.01420519407838583,
      0.013706273399293423,
      0.013235841877758503,
      0.012791783548891544,
      0.012372120283544064,
      0.011975122615695,
      0.011599009856581688,
      0.011242394335567951
    ],
    "validation_perplexity": [
      8.662965845690307,
      7.941167832349365,
      7.38656020830038,
      6.885203541809792,
      6.403142424382634,
      5.924508888011432,
      5.436404887812923,
      4.932511655511465,
      4.41447709200456,
      3.8949464754334087,
      3.3988890701212227,
      2.9549596835198013,
      2.58171960721947,
      2.2800250831388693,
      2.0446410317584567,
      2.0626710420172696,
      2.1391398563092205,
      2.098554400232413,
      1.9949337185700071,
      1.9038076923948826,
      1.8100226945094537,
      1.717120701968466,
      1.6194501183034153,
      1.507139929694694,
      1.2791051485111105,
      1.2054575691084075,
      1.176090516863117,
      1.1530301731583115,
      1.1343637769595982,
      1.1189570819916552,
      1.106059421959116,
      1.095142010448133,
      1.085815852816674,
      1.077786671862221,
      1.0708272272599508,
      1.0647583831792367,
      1.0594372037860387,
      1.0547483837069107,
      1.0505975388286874,
      1.046907312474706,
      1.0436134315637846,
      1.040662239767681,
      1.038008758514948,
      1.035614901916967,
      1.0334484501857244,
      1.0314818202547604,
      1.02969150119965,
      1.0280572236245957,
      1.026561495995771,
      1.025189139257123,
      1.0239270822271467,
      1.0227636934755189,
      1.0216890924472606,
      1.020694338178453,
      1.01977176499175,
      1.018914380629955,
      1.0181162664603547,
      1.0173718285648359,
      1.0166765434150873,
      1.0160260187644867,
      1.0154163657471054,
      1.0148442816987318,
      1.014306567287737,
      1.0138006349869162,
      1.013323823374066,
      1.0128739483832183,
      1.0124489715744691,
      1.0120471114679783,
      1.0116665392100588,
      1.011305827541599
    ],