{
  "config": {
    "seed": 0,
    "device": "cpu",
    "dataset": "equations",
    "character_level": true,
    "num_epochs": 50,
    "embedding_size": 64,
    "unk_threshold": 2,
    "minibatch_size": 32,
    "rnn_hidden_size": 150,
    "learning_rate": 0.33126173343219845,
    "num_layers": 4,
    "truncate_length": 256,
    "info": "lsch0lz",
    "random_params": [
      "num_layers",
      "learning_rate"
    ]
  },
  "stats": {
    "train_loss": [
      0.09523973894119263,
      0.092707035779953,
      0.09231059974431992,
      0.09184565556049347,
      0.09105358892679215,
      0.08875331312417983,
      0.08177793085575104,
      0.06831512889266014,
      0.05576045879721642,
      0.04622988978028297,
      0.03723616322875023,
      0.03365662495791912,
      0.02721142578125,
      0.02547616337239742,
      0.020224475905299185,
      0.017537667363882063,
      0.01774708793312311,
      0.013991336308419705,
      0.012832622945308686,
      0.011992261417210102,
      0.011294903092086315,
      0.010762876912951469,
      0.010361299596726894,
      0.010075628235936164,
      0.009845271699130536,
      0.009666238605976105,
      0.009505298584699631,
      0.009384258903563023,
      0.009273367680609226,
      0.009195797726511955,
      0.009091737024486065,
      0.009021632045507431,
      0.008963776409626006,
      0.008911073438823223,
      0.008830900706350803,
      0.00881345646828413,
      0.008774303909391165,
      0.008743869423866272,
      0.008695357389748096,
      0.008695841446518898,
      0.008635771147906781,
      0.008610045712441205,
      0.008569056406617164,
      0.008527367115020753,
      0.008497077401727438,
      0.008451538614928722,
      0.008426426388323307,
      0.008388517159968615,
      0.018868050064891576,
      0.010509252540767193
    ],
    "validation_loss": [
      2.9825656576156616,
      2.9672769050598147,
      2.9558916029930113,
      2.9397474460601805,
      2.897635727882385,
      2.784938546180725,
      2.4311677193641663,
      1.9493192584514618,
      1.6296882081031798,
      1.293086078286171,
      1.07352930021286,
      1.477876035451889,
      0.8033489416837692,
      0.7188799736499787,
      0.6219601045250893,
      0.5461588862538338,
      0.493814206302166,
      0.44627557969093323,
      0.41546515965461733,
      0.3886048701405525,
      0.369984865039587,
      0.355512423992157,
      0.3430884332954884,
      0.3329235611557961,
      0.3276760625243187,
      0.3207171714603901,
      0.32085057163238523,
      0.31061798441410066,
      0.3072535754740238,
      0.3064141357243061,
      0.30279533621668814,
      0.2995308991670608,
      0.29774140858650205,
      0.29543470457196236,
      0.29522613459825514,
      0.29403368532657626,
      0.29151316645741465,
      0.2899436143040657,
      0.2884664655327797,
      0.28858709380030634,
      0.28517089918255806,
      0.2846611721813679,
      0.2845300470292568,
      0.2843251242339611,
      0.28136514547467234,
      0.28073246881365777,
      0.2775508631169796,
      0.27635673159360885,
      0.4108107526898384,
      0.4212944433093071
    ],
    "validation_perplexity": [
      19.738393695426357,
      19.438913451541058,
      19.218850667811314,
      18.911069643952448,
      18.131227499038577,
      16.19882236667183,
      11.372153813883804,
      7.023904489130746,
      5.102283619815834,
      3.6440149363801564,
      2.9256869277713142,
      4.383625121803201,
      2.233006629397737,
      2.0521334794337944,
      1.8625753084571384,
      1.7266081658610015,
      1.6385540994858936,
      1.5624819955139102,
      1.5150753287230092,
      1.4749216505953997,
      1.4477127034230564,
      1.4269116507399504,
      1.409293384874295,
      1.3950406590985613,
      1.38773935868524,
      1.3781157553029655,
      1.3782996084444998,
      1.364267950005398,
      1.35968570730918,
      1.358544812002772,
      1.353637395539667,
      1.349225736183787,
      1.346813468446764,
      1.343710348777506,
      1.343430120370023,
      1.3418291028572316,
      1.3384512560359074,
      1.3363521347559373,
      1.3343796010636044,
      1.3345405746718921,
      1.3299893027850505,
      1.3293115440767584,
      1.329137249325801,
      1.3288649067108955,
      1.3249373104814015,
      1.324099318684631,
      1.3198932513213109,
      1.3183180658589098,
      1.50803993704977,
      1.5239329242085016
    ],
    "epoch_duration": [
      37.99216985702515,
      37.18238806724548,
      38.60838484764099,
      51.06315803527832,
      48.68086576461792,
      40.397512912750244,
      46.12612724304199,
      44.793774127960205,
      44.67456316947937,
      42.14585876464844,
      45.72547507286072,
      48.293917179107666,
      42.737603187561035,
      50.770622968673706,
      44.895512104034424,
      41.092134952545166,
      42.6478750705719,
      50.80054807662964,
      45.02220273017883,
      49.099833726882935,
      49.30869698524475,
      52.06076979637146,
      48.617878913879395,
      44.983211040496826,
      46.48033809661865,
      41.101706981658936,
      44.054441928863525,
      44.32475209236145,
      43.67265272140503,
      49.92935276031494,
      43.863324880599976,
      41.69105887413025,
      42.90541887283325,
      43.92490005493164,
      40.466217041015625,
      43.50552582740784,
      42.118831157684326,
      42.33593201637268,
      44.89794921875,
      50.417542934417725,
      43.34245204925537,
      55.3696231842041,
      47.890235900878906,
      46.179861068725586,
      41.42496585845947,
      44.750231981277466,
      43.061314821243286,
      49.7919180393219,
      50.69979381561279,
      50.51094889640808
    ],
    "best_epoch": 47,
    "best_validation_perplexity": 1.3183180658589098,
    "test_perplexity": 1.317094115789705,
    "test_loss": 0.27542788246273997
  }
}